SAMEA_ID;Forward_primer;Reverse_primer;Site;Depth;Date;Confidence
SAMEA118103092;CCAGCASCYGCGGTAATTCC;ACTTTCGTTCTTGATYRA;AT;1;2023;2
SAMEA118103094;CCAGCASCYGCGGTAATTCC;ACTTTCGTTCTTGATYRA;AT;3;2015;2
SAMEA118103096;CCAGCASCYGCGGTAATTCC;ACTTTCGTTCTTGATYRA;AT;5;2007;2
SAMEA118103097;CCAGCASCYGCGGTAATTCC;ACTTTCGTTCTTGATYRA;AT;6;2002;2
SAMEA118103098;CCAGCASCYGCGGTAATTCC;ACTTTCGTTCTTGATYRA;AT;7;1998;2
SAMEA118103099;CCAGCASCYGCGGTAATTCC;ACTTTCGTTCTTGATYRA;AT;8;1994;2
SAMEA118103101;CCAGCASCYGCGGTAATTCC;ACTTTCGTTCTTGATYRA;AT;10;1986;2
SAMEA118103103;CCAGCASCYGCGGTAATTCC;ACTTTCGTTCTTGATYRA;AT;12;1978;2
SAMEA118103105;CCAGCASCYGCGGTAATTCC;ACTTTCGTTCTTGATYRA;AT;14;1970;2
SAMEA118103107;CCAGCASCYGCGGTAATTCC;ACTTTCGTTCTTGATYRA;AT;16;1962;2
SAMEA118103109;CCAGCASCYGCGGTAATTCC;ACTTTCGTTCTTGATYRA;AT;18;1954;2
SAMEA118103111;CCAGCASCYGCGGTAATTCC;ACTTTCGTTCTTGATYRA;AT;20;1946;2
SAMEA118103113;CCAGCASCYGCGGTAATTCC;ACTTTCGTTCTTGATYRA;AT;22;1938;2
SAMEA118103115;CCAGCASCYGCGGTAATTCC;ACTTTCGTTCTTGATYRA;AT;24;1930;2
SAMEA118103118;CCAGCASCYGCGGTAATTCC;ACTTTCGTTCTTGATYRA;AT;27;1918;2
SAMEA118103120;CCAGCASCYGCGGTAATTCC;ACTTTCGTTCTTGATYRA;AT;29;1910;2
SAMEA118103122;CCAGCASCYGCGGTAATTCC;ACTTTCGTTCTTGATYRA;AT;31;1902;2
SAMEA118103125;CCAGCASCYGCGGTAATTCC;ACTTTCGTTCTTGATYRA;AT;34;1890;1
SAMEA118103130;CCAGCASCYGCGGTAATTCC;ACTTTCGTTCTTGATYRA;AT;39;1870;1
SAMEA118103135;CCAGCASCYGCGGTAATTCC;ACTTTCGTTCTTGATYRA;AT;44;1850;1
SAMEA118103138;CCAGCASCYGCGGTAATTCC;ACTTTCGTTCTTGATYRA;AT;47;1838;0
SAMEA118103141;CCAGCASCYGCGGTAATTCC;ACTTTCGTTCTTGATYRA;AT;50;1826;0
SAMEA118103144;CCAGCASCYGCGGTAATTCC;ACTTTCGTTCTTGATYRA;AT;53;1813;0
SAMEA118103147;CCAGCASCYGCGGTAATTCC;ACTTTCGTTCTTGATYRA;AT;56;1801;0
SAMEA118103151;CCAGCASCYGCGGTAATTCC;ACTTTCGTTCTTGATYRA;AT;60;1785;0
SAMEA118103156;CCAGCASCYGCGGTAATTCC;ACTTTCGTTCTTGATYRA;AT;65;1765;0
SAMEA118104116;CCAGCASCYGCGGTAATTCC;ACTTTCGTTCTTGATYRA;TU;1;2024;2
SAMEA118104117;CCAGCASCYGCGGTAATTCC;ACTTTCGTTCTTGATYRA;TU;2;2023;2
SAMEA118104120;CCAGCASCYGCGGTAATTCC;ACTTTCGTTCTTGATYRA;TU;5;2020;2
SAMEA118104123;CCAGCASCYGCGGTAATTCC;ACTTTCGTTCTTGATYRA;TU;8;2016;2
SAMEA118104126;CCAGCASCYGCGGTAATTCC;ACTTTCGTTCTTGATYRA;TU;11;2013;2
SAMEA118104129;CCAGCASCYGCGGTAATTCC;ACTTTCGTTCTTGATYRA;TU;14;2010;2
SAMEA118104133;CCAGCASCYGCGGTAATTCC;ACTTTCGTTCTTGATYRA;TU;18;2006;2
SAMEA118104138;CCAGCASCYGCGGTAATTCC;ACTTTCGTTCTTGATYRA;TU;23;2001;2
SAMEA118104143;CCAGCASCYGCGGTAATTCC;ACTTTCGTTCTTGATYRA;TU;28;1995;2
SAMEA118104147;CCAGCASCYGCGGTAATTCC;ACTTTCGTTCTTGATYRA;TU;32;1991;2
SAMEA118104149;CCAGCASCYGCGGTAATTCC;ACTTTCGTTCTTGATYRA;TU;34;1989;2
SAMEA118104151;CCAGCASCYGCGGTAATTCC;ACTTTCGTTCTTGATYRA;TU;36;1987;2
SAMEA118104153;CCAGCASCYGCGGTAATTCC;ACTTTCGTTCTTGATYRA;TU;38;1985;2
SAMEA118104155;CCAGCASCYGCGGTAATTCC;ACTTTCGTTCTTGATYRA;TU;40;1982;2
SAMEA118104157;CCAGCASCYGCGGTAATTCC;ACTTTCGTTCTTGATYRA;TU;42;1980;2
SAMEA118104162;CCAGCASCYGCGGTAATTCC;ACTTTCGTTCTTGATYRA;TU;47;1975;2
SAMEA118104165;CCAGCASCYGCGGTAATTCC;ACTTTCGTTCTTGATYRA;TU;50;1972;2
SAMEA118104168;CCAGCASCYGCGGTAATTCC;ACTTTCGTTCTTGATYRA;TU;53;1969;2
SAMEA118104170;CCAGCASCYGCGGTAATTCC;ACTTTCGTTCTTGATYRA;TU;55;1967;2
SAMEA118104173;CCAGCASCYGCGGTAATTCC;ACTTTCGTTCTTGATYRA;TU;58;1963;2
SAMEA118104176;CCAGCASCYGCGGTAATTCC;ACTTTCGTTCTTGATYRA;TU;61;1960;2
SAMEA118104179;CCAGCASCYGCGGTAATTCC;ACTTTCGTTCTTGATYRA;TU;64;1957;2
SAMEA118104182;CCAGCASCYGCGGTAATTCC;ACTTTCGTTCTTGATYRA;TU;67;1954;2
SAMEA118104185;CCAGCASCYGCGGTAATTCC;ACTTTCGTTCTTGATYRA;TU;70;1951;2
SAMEA118104188;CCAGCASCYGCGGTAATTCC;ACTTTCGTTCTTGATYRA;TU;73;1947;2
SAMEA118104190;CCAGCASCYGCGGTAATTCC;ACTTTCGTTCTTGATYRA;TU;75;1945;2
SAMEA118104195;CCAGCASCYGCGGTAATTCC;ACTTTCGTTCTTGATYRA;TU;80;1940;2
SAMEA118104200;CCAGCASCYGCGGTAATTCC;ACTTTCGTTCTTGATYRA;TU;85;1935;2
SAMEA118104204;CCAGCASCYGCGGTAATTCC;ACTTTCGTTCTTGATYRA;TU;89;1930;2
SAMEA118104208;CCAGCASCYGCGGTAATTCC;ACTTTCGTTCTTGATYRA;TU;93;1926;2
SAMEA118104211;CCAGCASCYGCGGTAATTCC;ACTTTCGTTCTTGATYRA;TU;96;1923;2
SAMEA118104214;CCAGCASCYGCGGTAATTCC;ACTTTCGTTCTTGATYRA;TU;99;1920;2